{
    "mapping": [
        "G",
        "C"
    ],
    "labels": [
        0,
        0,
        0,
        0,
        0,
        1,
        1,
        1,
        1,
        1
    ],
    "pitch": [
        [
            0.020908443645721246,
            0.01901319961190894,
            0.2772444780505205,
            0.007375828883536838,
            0.006981948397300446,
            0.01465094716391761,
            0.0265092015117186,
            0.47779039145522273,
            0.01113114202739152,
            0.045570491875064026,
            0.006079969831316586,
            0.086743957546381
        ],
        [
            0.039107878959608544,
            0.01477327409231943,
            0.13013268469524883,
            0.005844207070780513,
            0.01034989269827635,
            0.015550188512450314,
            0.04867920015877935,
            0.6079031446647554,
            0.013233002367035887,
            0.06452381115730782,
            0.0070364355314680785,
            0.042866280091969626
        ],
        [
            0.026792329013343632,
            0.01252828170262046,
            0.23713482767931282,
            0.006449702315040428,
            0.005257015616205203,
            0.029335561178990163,
            0.023377064055668605,
            0.5464745579859884,
            0.008524726424135983,
            0.061748054753578266,
            0.006822247867540577,
            0.0355556314075753
        ],
        [
            0.019867865152344445,
            0.005653395928770645,
            0.20417278664630456,
            0.0041767645322630595,
            0.0031183947591752453,
            0.008331795866699684,
            0.03359713708963469,
            0.607505504210604,
            0.012816464532476762,
            0.03687747110197787,
            0.0035803082896176267,
            0.06030211189013131
        ],
        [
            0.013702296588231709,
            0.005711753807574053,
            0.1781046227025164,
            0.0037373680826772167,
            0.006380341379373709,
            0.029349593085360896,
            0.056254629253481236,
            0.5202878236603962,
            0.007023983231771449,
            0.04655041406570271,
            0.007542944250394212,
            0.12535422989252032
        ],
        [
            0.0034506726429642223,
            0.06646411156117212,
            0.0028595512470425423,
            0.101212222756029,
            0.026621763193697526,
            0.033840455509998014,
            0.31706495798140155,
            0.005442131889687287,
            0.0014879921467622816,
            0.004224835212440961,
            0.027170231765004174,
            0.4101610740938002
        ],
        [
            0.003173134048171604,
            0.03999799558480962,
            0.002965661813444509,
            0.10266767036355828,
            0.01367008518265867,
            0.018273797424163588,
            0.15107854603658707,
            0.005859147622495563,
            0.003423994888752058,
            0.00918610798713018,
            0.07674928759120518,
            0.5729545714570238
        ],
        [
            0.0035301183724546718,
            0.03604886988184972,
            0.002947346424663029,
            0.12382921627423132,
            0.01769119683924854,
            0.008481606977074571,
            0.2687260326040448,
            0.008648623255036361,
            0.0036574919087544594,
            0.007770519866055211,
            0.028409342108225225,
            0.4902596354883621
        ],
        [
            0.005030671682911906,
            0.04454061905051236,
            0.002581728770051266,
            0.13967731493047422,
            0.005430817376680858,
            0.01187223622317217,
            0.3076323766618174,
            0.006425970875219279,
            0.0024361086104766924,
            0.007798202718145108,
            0.03710172788550462,
            0.42947222521503414
        ],
        [
            0.003729248244621925,
            0.03275184196771611,
            0.0036413808372390386,
            0.1873316762685064,
            0.006279252571204548,
            0.02741848733612677,
            0.2338098992006684,
            0.009674700797849514,
            0.002288869093204087,
            0.0057982389778711545,
            0.06851470704427759,
            0.41876169766071447
        ]
    ],
    "order": [
        "G_YAMAHA_2",
        "G_YAMAHA_3",
        "G_YAMAHA_1",
        "G_YAMAHA_4",
        "G_YAMAHA_5",
        "C_YAMAHA_3",
        "C_YAMAHA_2",
        "C_YAMAHA_1",
        "C_YAMAHA_5",
        "C_YAMAHA_4"
    ]
}