{
    "mapping": [
        "C"
    ],
    "labels": [
        0,
        0,
        0,
        0,
        0,
        0,
        0,
        0,
        0
    ],
    "pitch": [
        [
            0.4563520542813354,
            0.002387393810446727,
            0.001242964139739269,
            0.0004638740418360587,
            0.08568564686599614,
            0.0006450661047309768,
            0.0015144776862368974,
            0.41702694670510126,
            0.003887232844608621,
            0.013018957229843356,
            0.00878288777947088,
            0.008992498510654605
        ],
        [
            0.3625658386350604,
            0.0037463267354583348,
            0.001425450520775815,
            0.0014054402680333039,
            0.16488179546900586,
            0.001752840800439249,
            0.00222844415065829,
            0.38078862913492656,
            0.005106716008919692,
            0.0386904417323926,
            0.019968861575237005,
            0.017439214969092863
        ],
        [
            0.22878463019597745,
            0.002058294309301749,
            0.002030584488131131,
            0.0025381473228288463,
            0.3450602712465074,
            0.0022338060035352403,
            0.0019663617082204864,
            0.33818068987034233,
            0.009094089836732133,
            0.025443206850581476,
            0.012759259533187068,
            0.02985065863465458
        ],
        [
            0.36220545745127347,
            0.0021981801160473615,
            0.001457045285920257,
            0.0016510322842448828,
            0.1206296548359842,
            0.0013000686943883968,
            0.00199164375607423,
            0.4448802476595966,
            0.00707813816645018,
            0.027768034369614912,
            0.014329477350418169,
            0.014511020029987314
        ],
        [
            0.5368365325987222,
            0.00206281926993385,
            0.009307150954000287,
            0.002194171393163808,
            0.14473080056320792,
            0.010616579088562858,
            0.05052015147783928,
            0.1923241675732459,
            0.015353116218146048,
            0.001715139297154471,
            0.014025799457958675,
            0.020313572108064656
        ],
        [
            0.3340442852056286,
            0.0013453545230739782,
            0.00456233895142761,
            0.011925632331700792,
            0.21225282477533244,
            0.0020668497154407665,
            0.0029375381630413477,
            0.11216685754957467,
            0.015334099968505786,
            0.008851545670153551,
            0.0052192656737329686,
            0.2892934074723873
        ],
        [
            0.2807221072145124,
            0.0019391506341350782,
            0.025030984095692346,
            0.0032801392313532335,
            0.25186116379721113,
            0.0013391016583859936,
            0.0019250928975913933,
            0.11091572405285147,
            0.013479193657530199,
            0.0016639353718180417,
            0.0060304047902119875,
            0.30181300259870664
        ],
        [
            0.26295524111366414,
            0.0008471272275098876,
            0.025991786794165722,
            0.001859075406570611,
            0.3454695956798733,
            0.0011911326089264623,
            0.003420030200942794,
            0.21266687321451272,
            0.015785453731903265,
            0.002758038718835321,
            0.0024174467130743506,
            0.12463819859002134
        ],
        [
            0.19062719624917443,
            0.0006721276274440744,
            0.00627968284664458,
            0.0009141850362005566,
            0.6385920327426202,
            0.0006846639958962067,
            0.0006178809030747602,
            0.048484773716028454,
            0.005300195942342184,
            0.0014793716279697263,
            0.002693924022793493,
            0.1036539652898115
        ]
    ],
    "order": [
        "C_acousticguitar_Mari_4",
        "C_acousticguitar_Mari_3",
        "C_acousticguitar_Mari_2",
        "C_acousticguitar_Mari_1",
        "c_maj",
        "C_acousticguitar_SalomC_Andrade_1",
        "C_acousticguitar_SalomC_Andrade_3",
        "C_acousticguitar_SalomC_Andrade_2",
        "C_acousticguitar_SalomC_Andrade_4"
    ]
}